feature,importance
kmer_GSE,0.32574877
esm_dim_441,0.14199881
esm_dim_73,0.11005311
kmer_FGE,0.09533221
kmer_HGE,0.08813142
kmer_EFY,0.08328291
esm_dim_2,0.056840777
kmer_ESK,0.045732975
esm_dim_408,0.040274955
kmer_SEK,0.00963349
esm_dim_53,0.0029705323
esm_dim_5,0.0
esm_dim_6,0.0
kmer_YST,0.0
esm_dim_22,0.0
kmer_YV,0.0
kmer_YTY,0.0
kmer_YSV,0.0
kmer_YSY,0.0
kmer_YT,0.0
kmer_YTA,0.0
kmer_YTG,0.0
kmer_YTI,0.0
kmer_YTK,0.0
kmer_YTL,0.0
kmer_YTN,0.0
kmer_YTQ,0.0
kmer_YTR,0.0
kmer_YTS,0.0
kmer_YTT,0.0
kmer_YTV,0.0
kmer_YYT,0.0
esm_dim_23,0.0
esm_dim_24,0.0
esm_dim_25,0.0
esm_dim_26,0.0
esm_dim_27,0.0
esm_dim_28,0.0
esm_dim_29,0.0
esm_dim_30,0.0
esm_dim_31,0.0
esm_dim_32,0.0
esm_dim_33,0.0
esm_dim_34,0.0
esm_dim_35,0.0
esm_dim_36,0.0
esm_dim_37,0.0
esm_dim_38,0.0
esm_dim_39,0.0
esm_dim_40,0.0
esm_dim_41,0.0
esm_dim_42,0.0
esm_dim_43,0.0
esm_dim_44,0.0
esm_dim_45,0.0
esm_dim_46,0.0
esm_dim_47,0.0
esm_dim_48,0.0
esm_dim_49,0.0
esm_dim_50,0.0
esm_dim_51,0.0
esm_dim_52,0.0
esm_dim_54,0.0
esm_dim_55,0.0
esm_dim_56,0.0
esm_dim_57,0.0
esm_dim_58,0.0
esm_dim_59,0.0
esm_dim_60,0.0
esm_dim_61,0.0
esm_dim_62,0.0
esm_dim_63,0.0
esm_dim_64,0.0
esm_dim_65,0.0
esm_dim_66,0.0
esm_dim_67,0.0
esm_dim_68,0.0
esm_dim_69,0.0
esm_dim_70,0.0
esm_dim_71,0.0
esm_dim_72,0.0
esm_dim_74,0.0
esm_dim_75,0.0
esm_dim_76,0.0
esm_dim_77,0.0
esm_dim_78,0.0
esm_dim_79,0.0
esm_dim_80,0.0
esm_dim_81,0.0
esm_dim_82,0.0
esm_dim_83,0.0
esm_dim_84,0.0
esm_dim_85,0.0
esm_dim_86,0.0
esm_dim_87,0.0
esm_dim_88,0.0
esm_dim_89,0.0
esm_dim_90,0.0
esm_dim_91,0.0
esm_dim_92,0.0
esm_dim_93,0.0
esm_dim_94,0.0
esm_dim_95,0.0
esm_dim_96,0.0
esm_dim_97,0.0
esm_dim_98,0.0
esm_dim_99,0.0
esm_dim_100,0.0
esm_dim_101,0.0
esm_dim_102,0.0
esm_dim_103,0.0
esm_dim_104,0.0
esm_dim_105,0.0
esm_dim_106,0.0
esm_dim_107,0.0
esm_dim_108,0.0
esm_dim_109,0.0
esm_dim_110,0.0
esm_dim_111,0.0
esm_dim_112,0.0
esm_dim_113,0.0
esm_dim_114,0.0
esm_dim_115,0.0
esm_dim_116,0.0
esm_dim_117,0.0
esm_dim_118,0.0
esm_dim_119,0.0
esm_dim_120,0.0
esm_dim_121,0.0
esm_dim_122,0.0
esm_dim_123,0.0
esm_dim_124,0.0
esm_dim_125,0.0
esm_dim_126,0.0
esm_dim_127,0.0
esm_dim_128,0.0
esm_dim_129,0.0
esm_dim_130,0.0
esm_dim_131,0.0
esm_dim_132,0.0
esm_dim_133,0.0
esm_dim_134,0.0
esm_dim_135,0.0
esm_dim_136,0.0
esm_dim_137,0.0
esm_dim_138,0.0
esm_dim_139,0.0
esm_dim_140,0.0
esm_dim_141,0.0
esm_dim_142,0.0
esm_dim_143,0.0
esm_dim_144,0.0
esm_dim_145,0.0
esm_dim_146,0.0
esm_dim_147,0.0
esm_dim_148,0.0
esm_dim_149,0.0
esm_dim_150,0.0
esm_dim_151,0.0
esm_dim_152,0.0
esm_dim_153,0.0
esm_dim_154,0.0
esm_dim_155,0.0
esm_dim_156,0.0
esm_dim_157,0.0
esm_dim_158,0.0
esm_dim_159,0.0
esm_dim_160,0.0
esm_dim_161,0.0
esm_dim_162,0.0
esm_dim_163,0.0
esm_dim_164,0.0
esm_dim_165,0.0
esm_dim_166,0.0
esm_dim_167,0.0
esm_dim_168,0.0
esm_dim_169,0.0
esm_dim_170,0.0
esm_dim_171,0.0
esm_dim_172,0.0
esm_dim_173,0.0
esm_dim_174,0.0
esm_dim_175,0.0
esm_dim_176,0.0
esm_dim_177,0.0
esm_dim_178,0.0
esm_dim_179,0.0
esm_dim_180,0.0
esm_dim_181,0.0
esm_dim_182,0.0
esm_dim_183,0.0
esm_dim_184,0.0
esm_dim_185,0.0
esm_dim_186,0.0
esm_dim_187,0.0
esm_dim_188,0.0
esm_dim_189,0.0
esm_dim_190,0.0
esm_dim_191,0.0
esm_dim_192,0.0
esm_dim_193,0.0
esm_dim_194,0.0
esm_dim_195,0.0
esm_dim_196,0.0
esm_dim_197,0.0
esm_dim_198,0.0
esm_dim_199,0.0
esm_dim_200,0.0
esm_dim_201,0.0
esm_dim_202,0.0
esm_dim_203,0.0
esm_dim_204,0.0
esm_dim_205,0.0
esm_dim_206,0.0
esm_dim_207,0.0
esm_dim_208,0.0
esm_dim_209,0.0
esm_dim_210,0.0
esm_dim_211,0.0
esm_dim_212,0.0
esm_dim_213,0.0
esm_dim_214,0.0
esm_dim_215,0.0
esm_dim_216,0.0
esm_dim_217,0.0
esm_dim_218,0.0
esm_dim_219,0.0
esm_dim_220,0.0
esm_dim_221,0.0
esm_dim_222,0.0
esm_dim_223,0.0
esm_dim_224,0.0
esm_dim_225,0.0
esm_dim_226,0.0
esm_dim_227,0.0
esm_dim_228,0.0
esm_dim_229,0.0
esm_dim_230,0.0
esm_dim_231,0.0
esm_dim_232,0.0
esm_dim_233,0.0
esm_dim_234,0.0
esm_dim_235,0.0
esm_dim_236,0.0
esm_dim_237,0.0
esm_dim_238,0.0
esm_dim_239,0.0
esm_dim_240,0.0
esm_dim_241,0.0
esm_dim_242,0.0
esm_dim_243,0.0
esm_dim_244,0.0
esm_dim_245,0.0
esm_dim_246,0.0
esm_dim_247,0.0
esm_dim_248,0.0
esm_dim_249,0.0
esm_dim_250,0.0
esm_dim_251,0.0
esm_dim_252,0.0
esm_dim_253,0.0
esm_dim_254,0.0
esm_dim_255,0.0
esm_dim_256,0.0
esm_dim_257,0.0
esm_dim_258,0.0
esm_dim_259,0.0
esm_dim_260,0.0
esm_dim_261,0.0
esm_dim_262,0.0
esm_dim_263,0.0
esm_dim_264,0.0
esm_dim_265,0.0
esm_dim_266,0.0
esm_dim_267,0.0
esm_dim_268,0.0
esm_dim_269,0.0
esm_dim_270,0.0
esm_dim_271,0.0
esm_dim_272,0.0
esm_dim_273,0.0
esm_dim_274,0.0
esm_dim_275,0.0
esm_dim_276,0.0
esm_dim_277,0.0
esm_dim_278,0.0
esm_dim_279,0.0
esm_dim_280,0.0
esm_dim_281,0.0
esm_dim_282,0.0
esm_dim_283,0.0
esm_dim_284,0.0
esm_dim_285,0.0
esm_dim_286,0.0
esm_dim_287,0.0
esm_dim_288,0.0
esm_dim_289,0.0
esm_dim_290,0.0
esm_dim_291,0.0
esm_dim_292,0.0
esm_dim_293,0.0
esm_dim_294,0.0
esm_dim_295,0.0
esm_dim_296,0.0
esm_dim_297,0.0
esm_dim_298,0.0
esm_dim_299,0.0
esm_dim_300,0.0
esm_dim_301,0.0
esm_dim_302,0.0
esm_dim_303,0.0
esm_dim_304,0.0
esm_dim_305,0.0
esm_dim_306,0.0
esm_dim_307,0.0
esm_dim_308,0.0
esm_dim_309,0.0
esm_dim_310,0.0
esm_dim_311,0.0
esm_dim_312,0.0
esm_dim_313,0.0
esm_dim_314,0.0
esm_dim_315,0.0
esm_dim_316,0.0
esm_dim_317,0.0
esm_dim_318,0.0
esm_dim_319,0.0
esm_dim_320,0.0
esm_dim_321,0.0
esm_dim_322,0.0
esm_dim_323,0.0
esm_dim_324,0.0
esm_dim_325,0.0
esm_dim_326,0.0
esm_dim_327,0.0
esm_dim_328,0.0
esm_dim_329,0.0
esm_dim_330,0.0
esm_dim_331,0.0
esm_dim_332,0.0
esm_dim_333,0.0
esm_dim_334,0.0
esm_dim_335,0.0
esm_dim_336,0.0
esm_dim_337,0.0
esm_dim_338,0.0
esm_dim_339,0.0
esm_dim_340,0.0
esm_dim_341,0.0
esm_dim_342,0.0
esm_dim_343,0.0
esm_dim_344,0.0
esm_dim_345,0.0
esm_dim_346,0.0
esm_dim_347,0.0
esm_dim_348,0.0
esm_dim_349,0.0
esm_dim_350,0.0
esm_dim_351,0.0
esm_dim_352,0.0
esm_dim_353,0.0
esm_dim_354,0.0
esm_dim_355,0.0
esm_dim_356,0.0
esm_dim_357,0.0
esm_dim_358,0.0
esm_dim_359,0.0
esm_dim_360,0.0
esm_dim_361,0.0
esm_dim_362,0.0
esm_dim_363,0.0
esm_dim_364,0.0
esm_dim_365,0.0
esm_dim_366,0.0
esm_dim_367,0.0
esm_dim_368,0.0
esm_dim_369,0.0
esm_dim_370,0.0
esm_dim_371,0.0
esm_dim_372,0.0
esm_dim_373,0.0
esm_dim_374,0.0
esm_dim_375,0.0
esm_dim_376,0.0
esm_dim_377,0.0
esm_dim_378,0.0
esm_dim_379,0.0
esm_dim_380,0.0
esm_dim_381,0.0
esm_dim_382,0.0
esm_dim_383,0.0
esm_dim_384,0.0
esm_dim_385,0.0
esm_dim_386,0.0
esm_dim_387,0.0
esm_dim_388,0.0
esm_dim_389,0.0
esm_dim_390,0.0
esm_dim_391,0.0
esm_dim_392,0.0
esm_dim_393,0.0
esm_dim_394,0.0
esm_dim_395,0.0
esm_dim_396,0.0
esm_dim_397,0.0
esm_dim_398,0.0
esm_dim_399,0.0
esm_dim_400,0.0
esm_dim_401,0.0
esm_dim_402,0.0
esm_dim_403,0.0
esm_dim_404,0.0
esm_dim_405,0.0
esm_dim_406,0.0
esm_dim_407,0.0
esm_dim_409,0.0
esm_dim_410,0.0
esm_dim_411,0.0
esm_dim_412,0.0
esm_dim_413,0.0
esm_dim_414,0.0
esm_dim_415,0.0
esm_dim_416,0.0
esm_dim_417,0.0
esm_dim_418,0.0
esm_dim_419,0.0
esm_dim_420,0.0
esm_dim_421,0.0
esm_dim_422,0.0
esm_dim_423,0.0
esm_dim_424,0.0
esm_dim_425,0.0
esm_dim_426,0.0
esm_dim_427,0.0
esm_dim_428,0.0
esm_dim_429,0.0
esm_dim_430,0.0
esm_dim_431,0.0
esm_dim_432,0.0
esm_dim_433,0.0
esm_dim_434,0.0
esm_dim_435,0.0
esm_dim_436,0.0
esm_dim_437,0.0
esm_dim_438,0.0
esm_dim_439,0.0
esm_dim_440,0.0
esm_dim_442,0.0
esm_dim_443,0.0
esm_dim_444,0.0
esm_dim_445,0.0
esm_dim_446,0.0
esm_dim_447,0.0
esm_dim_448,0.0
esm_dim_449,0.0
esm_dim_450,0.0
esm_dim_451,0.0
esm_dim_452,0.0
esm_dim_453,0.0
esm_dim_454,0.0
esm_dim_455,0.0
esm_dim_456,0.0
esm_dim_457,0.0
esm_dim_458,0.0
esm_dim_459,0.0
esm_dim_460,0.0
esm_dim_461,0.0
esm_dim_462,0.0
esm_dim_463,0.0
esm_dim_464,0.0
esm_dim_465,0.0
esm_dim_466,0.0
esm_dim_467,0.0
esm_dim_468,0.0
esm_dim_469,0.0
esm_dim_470,0.0
esm_dim_471,0.0
esm_dim_472,0.0
esm_dim_473,0.0
esm_dim_474,0.0
esm_dim_475,0.0
esm_dim_476,0.0
esm_dim_477,0.0
esm_dim_478,0.0
esm_dim_479,0.0
kmer_AA,0.0
kmer_AAE,0.0
kmer_AAG,0.0
kmer_AAI,0.0
kmer_AAM,0.0
kmer_AAV,0.0
kmer_AC,0.0
kmer_ACV,0.0
kmer_AD,0.0
kmer_ADA,0.0
kmer_ADF,0.0
kmer_ADL,0.0
kmer_ADV,0.0
kmer_AE,0.0
kmer_AEA,0.0
kmer_AEE,0.0
kmer_AEF,0.0
kmer_AEK,0.0
kmer_AER,0.0
kmer_AET,0.0
kmer_AEW,0.0
kmer_AF,0.0
kmer_AFC,0.0
kmer_AFM,0.0
kmer_AFT,0.0
kmer_AG,0.0
kmer_AGA,0.0
kmer_AGF,0.0
kmer_AGK,0.0
kmer_AGL,0.0
kmer_AGT,0.0
kmer_AGV,0.0
kmer_AH,0.0
kmer_AHC,0.0
kmer_AI,0.0
kmer_AID,0.0
kmer_AIE,0.0
kmer_AIH,0.0
kmer_AII,0.0
kmer_AIL,0.0
kmer_AIM,0.0
kmer_AIS,0.0
kmer_AIT,0.0
kmer_AIV,0.0
kmer_AK,0.0
kmer_AKC,0.0
kmer_AKP,0.0
kmer_AKS,0.0
kmer_AKT,0.0
kmer_AL,0.0
kmer_ALL,0.0
kmer_ALM,0.0
kmer_ALS,0.0
kmer_ALT,0.0
kmer_AM,0.0
kmer_AMK,0.0
kmer_AN,0.0
kmer_ANA,0.0
kmer_AND,0.0
kmer_ANE,0.0
kmer_ANI,0.0
kmer_ANL,0.0
kmer_ANS,0.0
kmer_ANT,0.0
kmer_ANV,0.0
kmer_ANY,0.0
kmer_AP,0.0
kmer_APD,0.0
kmer_APK,0.0
kmer_APL,0.0
kmer_APN,0.0
kmer_APS,0.0
kmer_APT,0.0
kmer_APV,0.0
kmer_AQ,0.0
kmer_AQA,0.0
kmer_AQC,0.0
kmer_AQE,0.0
kmer_AQI,0.0
kmer_AQK,0.0
kmer_AQN,0.0
kmer_AQP,0.0
kmer_AQR,0.0
kmer_AQT,0.0
kmer_AQV,0.0
kmer_AQY,0.0
kmer_AR,0.0
kmer_ARD,0.0
kmer_ARE,0.0
kmer_ARN,0.0
kmer_ARP,0.0
kmer_ARQ,0.0
kmer_ARS,0.0
kmer_ART,0.0
kmer_ARY,0.0
kmer_AS,0.0
kmer_ASA,0.0
kmer_ASD,0.0
kmer_ASE,0.0
kmer_ASG,0.0
kmer_ASL,0.0
kmer_ASQ,0.0
kmer_ASR,0.0
kmer_ASS,0.0
kmer_AST,0.0
kmer_ASV,0.0
kmer_ASY,0.0
kmer_AT,0.0
kmer_ATC,0.0
kmer_ATI,0.0
kmer_ATK,0.0
kmer_ATN,0.0
kmer_ATP,0.0
kmer_ATT,0.0
kmer_ATV,0.0
kmer_ATY,0.0
kmer_AV,0.0
kmer_AVA,0.0
kmer_AVD,0.0
kmer_AVE,0.0
kmer_AVI,0.0
kmer_AVL,0.0
kmer_AVM,0.0
kmer_AVN,0.0
kmer_AVS,0.0
kmer_AVT,0.0
kmer_AVV,0.0
kmer_AY,0.0
kmer_AYA,0.0
kmer_AYC,0.0
kmer_AYD,0.0
kmer_AYG,0.0
kmer_AYS,0.0
kmer_AYW,0.0
kmer_AYY,0.0
kmer_CA,0.0
kmer_CAL,0.0
kmer_CAN,0.0
kmer_CAQ,0.0
kmer_CAT,0.0
kmer_CAV,0.0
kmer_CD,0.0
kmer_CDF,0.0
kmer_CDL,0.0
kmer_CE,0.0
kmer_CEF,0.0
kmer_CEY,0.0
kmer_CG,0.0
kmer_CGV,0.0
kmer_CH,0.0
kmer_CHE,0.0
kmer_CL,0.0
kmer_CLL,0.0
kmer_CN,0.0
kmer_CNE,0.0
kmer_CNY,0.0
kmer_CP,0.0
kmer_CPE,0.0
kmer_CS,0.0
kmer_CSE,0.0
kmer_CSN,0.0
kmer_CT,0.0
kmer_CTE,0.0
kmer_CTG,0.0
kmer_CTK,0.0
kmer_CTN,0.0
kmer_CTQ,0.0
kmer_CV,0.0
kmer_CVE,0.0
kmer_CVM,0.0
kmer_DA,0.0
kmer_DAE,0.0
kmer_DAG,0.0
kmer_DAK,0.0
kmer_DAL,0.0
kmer_DAQ,0.0
kmer_DAT,0.0
kmer_DAV,0.0
kmer_DD,0.0
kmer_DDI,0.0
kmer_DE,0.0
kmer_DEF,0.0
kmer_DEI,0.0
kmer_DET,0.0
kmer_DEV,0.0
kmer_DF,0.0
kmer_DFA,0.0
kmer_DFG,0.0
kmer_DFS,0.0
kmer_DFW,0.0
kmer_DFY,0.0
kmer_DG,0.0
kmer_DGA,0.0
kmer_DGE,0.0
kmer_DGI,0.0
kmer_DGK,0.0
kmer_DGL,0.0
kmer_DGN,0.0
kmer_DGP,0.0
kmer_DGQ,0.0
kmer_DGS,0.0
kmer_DGT,0.0
kmer_DGV,0.0
kmer_DH,0.0
kmer_DHG,0.0
kmer_DHN,0.0
kmer_DI,0.0
kmer_DIE,0.0
kmer_DII,0.0
kmer_DIL,0.0
kmer_DIP,0.0
kmer_DIQ,0.0
kmer_DIR,0.0
kmer_DIS,0.0
kmer_DIT,0.0
kmer_DIV,0.0
kmer_DIW,0.0
kmer_DK,0.0
kmer_DKW,0.0
kmer_DL,0.0
kmer_DLE,0.0
kmer_DLH,0.0
kmer_DLI,0.0
kmer_DLL,0.0
kmer_DLM,0.0
kmer_DLN,0.0
kmer_DLQ,0.0
kmer_DLS,0.0
kmer_DLT,0.0
kmer_DLV,0.0
kmer_DLW,0.0
kmer_DLY,0.0
kmer_DN,0.0
kmer_DNI,0.0
kmer_DNW,0.0
kmer_DP,0.0
kmer_DPL,0.0
kmer_DPV,0.0
kmer_DQ,0.0
kmer_DQE,0.0
kmer_DQQ,0.0
kmer_DQS,0.0
kmer_DQV,0.0
kmer_DR,0.0
kmer_DRG,0.0
kmer_DRQ,0.0
kmer_DRS,0.0
kmer_DRT,0.0
kmer_DRW,0.0
kmer_DS,0.0
kmer_DSD,0.0
kmer_DSG,0.0
kmer_DSL,0.0
kmer_DSM,0.0
kmer_DSN,0.0
kmer_DSQ,0.0
kmer_DSS,0.0
kmer_DST,0.0
kmer_DSV,0.0
kmer_DT,0.0
kmer_DTA,0.0
kmer_DTI,0.0
kmer_DTK,0.0
kmer_DTQ,0.0
kmer_DTR,0.0
kmer_DTT,0.0
kmer_DTV,0.0
kmer_DV,0.0
kmer_DVA,0.0
kmer_DVI,0.0
kmer_DVL,0.0
kmer_DVP,0.0
kmer_DVQ,0.0
kmer_DVR,0.0
kmer_DVS,0.0
kmer_DVT,0.0
kmer_DVV,0.0
kmer_DVW,0.0
kmer_DW,0.0
kmer_DWG,0.0
kmer_DY,0.0
kmer_DYA,0.0
kmer_DYL,0.0
kmer_DYS,0.0
kmer_DYW,0.0
kmer_EA,0.0
kmer_EAD,0.0
kmer_EAK,0.0
kmer_EAP,0.0
kmer_EAQ,0.0
kmer_EAT,0.0
kmer_ED,0.0
kmer_EDI,0.0
kmer_EDL,0.0
kmer_EDV,0.0
kmer_EE,0.0
kmer_EEA,0.0
kmer_EEE,0.0
kmer_EEF,0.0
kmer_EEI,0.0
kmer_EER,0.0
kmer_EES,0.0
kmer_EEY,0.0
kmer_EF,0.0
kmer_EFN,0.0
kmer_EFQ,0.0
kmer_EFS,0.0
kmer_EFV,0.0
kmer_EG,0.0
kmer_EGF,0.0
kmer_EGK,0.0
kmer_EGL,0.0
kmer_EGT,0.0
kmer_EGV,0.0
kmer_EH,0.0
kmer_EHE,0.0
kmer_EHR,0.0
kmer_EI,0.0
kmer_EIE,0.0
kmer_EIG,0.0
kmer_EIK,0.0
kmer_EIN,0.0
kmer_EIP,0.0
kmer_EIQ,0.0
kmer_EIR,0.0
kmer_EIS,0.0
kmer_EIT,0.0
kmer_EK,0.0
kmer_EKI,0.0
kmer_EKN,0.0
kmer_EKS,0.0
kmer_EKT,0.0
kmer_EKW,0.0
kmer_EL,0.0
kmer_ELI,0.0
kmer_ELL,0.0
kmer_ELN,0.0
kmer_ELS,0.0
kmer_ELY,0.0
kmer_EM,0.0
kmer_EMF,0.0
kmer_EMK,0.0
kmer_EMQ,0.0
kmer_EMR,0.0
kmer_EN,0.0
kmer_ENG,0.0
kmer_ENI,0.0
kmer_ENK,0.0
kmer_ENN,0.0
kmer_ENR,0.0
kmer_ENS,0.0
kmer_ENT,0.0
kmer_ENV,0.0
kmer_EP,0.0
kmer_EPD,0.0
kmer_EPG,0.0
kmer_EPH,0.0
kmer_EPI,0.0
kmer_EPK,0.0
kmer_EPL,0.0
kmer_EPN,0.0
kmer_EPQ,0.0
kmer_EPT,0.0
kmer_EPV,0.0
kmer_EQ,0.0
kmer_EQE,0.0
kmer_EQI,0.0
kmer_EQR,0.0
kmer_EQT,0.0
kmer_ER,0.0
kmer_ERK,0.0
kmer_ERQ,0.0
kmer_ERT,0.0
kmer_ERV,0.0
kmer_ERW,0.0
kmer_ES,0.0
kmer_ESD,0.0
kmer_ESF,0.0
kmer_ESI,0.0
kmer_ESP,0.0
kmer_ESQ,0.0
kmer_EST,0.0
kmer_ESV,0.0
kmer_ESY,0.0
kmer_ET,0.0
kmer_ETA,0.0
kmer_ETI,0.0
kmer_ETK,0.0
kmer_ETN,0.0
kmer_ETP,0.0
kmer_ETQ,0.0
kmer_ETR,0.0
kmer_ETS,0.0
kmer_ETT,0.0
kmer_ETV,0.0
kmer_EV,0.0
kmer_EVD,0.0
kmer_EVE,0.0
kmer_EVF,0.0
kmer_EVN,0.0
kmer_EVQ,0.0
kmer_EVR,0.0
kmer_EVS,0.0
kmer_EVV,0.0
kmer_EVY,0.0
kmer_EW,0.0
kmer_EWK,0.0
kmer_EWT,0.0
kmer_EY,0.0
kmer_EYH,0.0
kmer_EYI,0.0
kmer_EYL,0.0
kmer_EYY,0.0
kmer_FA,0.0
kmer_FAC,0.0
kmer_FAK,0.0
kmer_FAQ,0.0
kmer_FC,0.0
kmer_FCD,0.0
kmer_FD,0.0
kmer_FDT,0.0
kmer_FE,0.0
kmer_FEM,0.0
kmer_FEN,0.0
kmer_FEV,0.0
kmer_FF,0.0
kmer_FFE,0.0
kmer_FG,0.0
kmer_FGA,0.0
kmer_FGI,0.0
kmer_FGK,0.0
kmer_FGM,0.0
kmer_FGN,0.0
kmer_FGQ,0.0
kmer_FGR,0.0
kmer_FGT,0.0
kmer_FGV,0.0
kmer_FH,0.0
kmer_FHG,0.0
kmer_FHK,0.0
kmer_FI,0.0
kmer_FID,0.0
kmer_FIL,0.0
kmer_FIN,0.0
kmer_FIV,0.0
kmer_FK,0.0
kmer_FKG,0.0
kmer_FKL,0.0
kmer_FKP,0.0
kmer_FKS,0.0
kmer_FKY,0.0
kmer_FL,0.0
kmer_FLE,0.0
kmer_FLK,0.0
kmer_FLN,0.0
kmer_FLV,0.0
kmer_FM,0.0
kmer_FMK,0.0
kmer_FN,0.0
kmer_FND,0.0
kmer_FNG,0.0
kmer_FNI,0.0
kmer_FNK,0.0
kmer_FNN,0.0
kmer_FNP,0.0
kmer_FNV,0.0
kmer_FQ,0.0
kmer_FQH,0.0
kmer_FQS,0.0
kmer_FQV,0.0
kmer_FR,0.0
kmer_FRG,0.0
kmer_FRN,0.0
kmer_FRQ,0.0
kmer_FRR,0.0
kmer_FRS,0.0
kmer_FRV,0.0
kmer_FS,0.0
kmer_FSA,0.0
kmer_FSL,0.0
kmer_FSN,0.0
kmer_FSV,0.0
kmer_FT,0.0
kmer_FTL,0.0
kmer_FTP,0.0
kmer_FTQ,0.0
kmer_FTV,0.0
kmer_FV,0.0
kmer_FVD,0.0
kmer_FVP,0.0
kmer_FW,0.0
kmer_FWL,0.0
kmer_FWT,0.0
kmer_FY,0.0
kmer_FYE,0.0
kmer_FYG,0.0
kmer_FYI,0.0
kmer_FYN,0.0
kmer_FYT,0.0
kmer_GA,0.0
kmer_GAD,0.0
kmer_GAE,0.0
kmer_GAF,0.0
kmer_GAQ,0.0
kmer_GAS,0.0
kmer_GAV,0.0
kmer_GAY,0.0
kmer_GD,0.0
kmer_GDH,0.0
kmer_GDI,0.0
kmer_GDV,0.0
kmer_GDY,0.0
kmer_GE,0.0
kmer_GEF,0.0
kmer_GEI,0.0
kmer_GEL,0.0
kmer_GEN,0.0
kmer_GES,0.0
kmer_GET,0.0
kmer_GEV,0.0
kmer_GF,0.0
kmer_GFL,0.0
kmer_GFM,0.0
kmer_GG,0.0
kmer_GGA,0.0
kmer_GGG,0.0
kmer_GGI,0.0
kmer_GGK,0.0
kmer_GGQ,0.0
kmer_GGR,0.0
kmer_GGS,0.0
kmer_GH,0.0
kmer_GHA,0.0
kmer_GHG,0.0
kmer_GI,0.0
kmer_GID,0.0
kmer_GIF,0.0
kmer_GIL,0.0
kmer_GIM,0.0
kmer_GIN,0.0
kmer_GIQ,0.0
kmer_GIS,0.0
kmer_GIT,0.0
kmer_GK,0.0
kmer_GKI,0.0
kmer_GKL,0.0
kmer_GKQ,0.0
kmer_GKS,0.0
kmer_GKT,0.0
kmer_GKV,0.0
kmer_GL,0.0
kmer_GLP,0.0
kmer_GLS,0.0
kmer_GLV,0.0
kmer_GM,0.0
kmer_GMK,0.0
kmer_GML,0.0
kmer_GMQ,0.0
kmer_GN,0.0
kmer_GNF,0.0
kmer_GNL,0.0
kmer_GNN,0.0
kmer_GNQ,0.0
kmer_GNS,0.0
kmer_GNT,0.0
kmer_GNY,0.0
kmer_GP,0.0
kmer_GPF,0.0
kmer_GPG,0.0
kmer_GPL,0.0
kmer_GPV,0.0
kmer_GPY,0.0
kmer_GQ,0.0
kmer_GQL,0.0
kmer_GQQ,0.0
kmer_GQT,0.0
kmer_GQY,0.0
kmer_GR,0.0
kmer_GRI,0.0
kmer_GRL,0.0
kmer_GRM,0.0
kmer_GRQ,0.0
kmer_GRV,0.0
kmer_GS,0.0
kmer_GSA,0.0
kmer_GSF,0.0
kmer_GSG,0.0
kmer_GSL,0.0
kmer_GSN,0.0
kmer_GSQ,0.0
kmer_GSS,0.0
kmer_GST,0.0
kmer_GSV,0.0
kmer_GSY,0.0
kmer_GT,0.0
kmer_GTD,0.0
kmer_GTF,0.0
kmer_GTK,0.0
kmer_GTL,0.0
kmer_GTN,0.0
kmer_GTQ,0.0
kmer_GTS,0.0
kmer_GTT,0.0
kmer_GTV,0.0
kmer_GTY,0.0
kmer_GV,0.0
kmer_GVA,0.0
kmer_GVI,0.0
kmer_GVM,0.0
kmer_GVQ,0.0
kmer_GVS,0.0
kmer_GVT,0.0
kmer_GVV,0.0
kmer_GY,0.0
kmer_GYA,0.0
kmer_GYE,0.0
kmer_GYG,0.0
kmer_GYI,0.0
kmer_GYS,0.0
kmer_GYT,0.0
kmer_GYV,0.0
kmer_GYW,0.0
kmer_GYY,0.0
kmer_HA,0.0
kmer_HAD,0.0
kmer_HAE,0.0
kmer_HAI,0.0
kmer_HAP,0.0
kmer_HAT,0.0
kmer_HC,0.0
kmer_HCD,0.0
kmer_HCE,0.0
kmer_HD,0.0
kmer_HDE,0.0
kmer_HDG,0.0
kmer_HDP,0.0
kmer_HE,0.0
kmer_HEE,0.0
kmer_HEG,0.0
kmer_HEY,0.0
kmer_HG,0.0
kmer_HGD,0.0
kmer_HGG,0.0
kmer_HGI,0.0
kmer_HGL,0.0
kmer_HGN,0.0
kmer_HGP,0.0
kmer_HGQ,0.0
kmer_HGS,0.0
kmer_HGV,0.0
kmer_HK,0.0
kmer_HKE,0.0
kmer_HKH,0.0
kmer_HKR,0.0
kmer_HN,0.0
kmer_HNG,0.0
kmer_HNK,0.0
kmer_HNR,0.0
kmer_HNT,0.0
kmer_HQ,0.0
kmer_HQR,0.0
kmer_HR,0.0
kmer_HRA,0.0
kmer_HRD,0.0
kmer_HRL,0.0
kmer_HS,0.0
kmer_HSE,0.0
kmer_HSG,0.0
kmer_HSP,0.0
kmer_HT,0.0
kmer_HTE,0.0
kmer_HTL,0.0
kmer_HTY,0.0
kmer_HV,0.0
kmer_HVD,0.0
kmer_HVE,0.0
kmer_HVN,0.0
kmer_HVS,0.0
kmer_HW,0.0
kmer_HWK,0.0
kmer_IA,0.0
kmer_IAA,0.0
kmer_IAE,0.0
kmer_IAH,0.0
kmer_IAI,0.0
kmer_IAL,0.0
kmer_IAN,0.0
kmer_IAS,0.0
kmer_IAV,0.0
kmer_ID,0.0
kmer_IDA,0.0
kmer_IDD,0.0
kmer_IDF,0.0
kmer_IDG,0.0
kmer_IDL,0.0
kmer_IDN,0.0
kmer_IDR,0.0
kmer_IDV,0.0
kmer_IDY,0.0
kmer_IE,0.0
kmer_IEA,0.0
kmer_IED,0.0
kmer_IEL,0.0
kmer_IEN,0.0
kmer_IEP,0.0
kmer_IEQ,0.0
kmer_IES,0.0
kmer_IF,0.0
kmer_IFG,0.0
kmer_IFH,0.0
kmer_IFK,0.0
kmer_IG,0.0
kmer_IGA,0.0
kmer_IGE,0.0
kmer_IGS,0.0
kmer_IGV,0.0
kmer_IGY,0.0
kmer_IH,0.0
kmer_IHA,0.0
kmer_IHN,0.0
kmer_IHR,0.0
kmer_IHS,0.0
kmer_IHT,0.0
kmer_IHV,0.0
kmer_II,0.0
kmer_IIG,0.0
kmer_IIH,0.0
kmer_III,0.0
kmer_IIL,0.0
kmer_IIP,0.0
kmer_IIQ,0.0
kmer_IIS,0.0
kmer_IIV,0.0
kmer_IK,0.0
kmer_IKC,0.0
kmer_IKE,0.0
kmer_IKK,0.0
kmer_IKN,0.0
kmer_IKP,0.0
kmer_IKT,0.0
kmer_IKW,0.0
kmer_IL,0.0
kmer_ILD,0.0
kmer_ILG,0.0
kmer_ILI,0.0
kmer_ILK,0.0
kmer_ILL,0.0
kmer_ILM,0.0
kmer_ILP,0.0
kmer_ILS,0.0
kmer_ILV,0.0
kmer_ILY,0.0
kmer_IM,0.0
kmer_IMK,0.0
kmer_IML,0.0
kmer_IMV,0.0
kmer_IN,0.0
kmer_INA,0.0
kmer_IND,0.0
kmer_INE,0.0
kmer_ING,0.0
kmer_INH,0.0
kmer_INI,0.0
kmer_INK,0.0
kmer_INL,0.0
kmer_INN,0.0
kmer_INP,0.0
kmer_INQ,0.0
kmer_INS,0.0
kmer_INT,0.0
kmer_INY,0.0
kmer_IP,0.0
kmer_IPI,0.0
kmer_IPK,0.0
kmer_IPL,0.0
kmer_IPR,0.0
kmer_IPV,0.0
kmer_IQ,0.0
kmer_IQE,0.0
kmer_IQN,0.0
kmer_IQP,0.0
kmer_IQQ,0.0
kmer_IQR,0.0
kmer_IQT,0.0
kmer_IQV,0.0
kmer_IQY,0.0
kmer_IR,0.0
kmer_IRD,0.0
kmer_IRE,0.0
kmer_IRL,0.0
kmer_IRN,0.0
kmer_IRS,0.0
kmer_IRT,0.0
kmer_IS,0.0
kmer_ISA,0.0
kmer_ISD,0.0
kmer_ISE,0.0
kmer_ISF,0.0
kmer_ISH,0.0
kmer_ISI,0.0
kmer_ISK,0.0
kmer_ISP,0.0
kmer_ISQ,0.0
kmer_ISR,0.0
kmer_ISS,0.0
kmer_IST,0.0
kmer_ISV,0.0
kmer_ISY,0.0
kmer_IT,0.0
kmer_ITC,0.0
kmer_ITD,0.0
kmer_ITE,0.0
kmer_ITI,0.0
kmer_ITN,0.0
kmer_ITP,0.0
kmer_ITQ,0.0
kmer_ITS,0.0
kmer_ITT,0.0
kmer_ITV,0.0
kmer_ITY,0.0
kmer_IV,0.0
kmer_IVD,0.0
kmer_IVE,0.0
kmer_IVH,0.0
kmer_IVI,0.0
kmer_IVL,0.0
kmer_IVP,0.0
kmer_IVS,0.0
kmer_IVV,0.0
kmer_IVY,0.0
kmer_IW,0.0
kmer_IWI,0.0
kmer_IWT,0.0
kmer_IWV,0.0
kmer_IY,0.0
kmer_IYK,0.0
kmer_IYR,0.0
kmer_IYT,0.0
kmer_IYV,0.0
kmer_KA,0.0
kmer_KAH,0.0
kmer_KAP,0.0
kmer_KAQ,0.0
kmer_KAS,0.0
kmer_KAY,0.0
kmer_KC,0.0
kmer_KCA,0.0
kmer_KCH,0.0
kmer_KCL,0.0
kmer_KCN,0.0
kmer_KCS,0.0
kmer_KCT,0.0
kmer_KCV,0.0
kmer_KD,0.0
kmer_KDA,0.0
kmer_KDG,0.0
kmer_KDR,0.0
kmer_KDY,0.0
kmer_KE,0.0
kmer_KEI,0.0
kmer_KEM,0.0
kmer_KET,0.0
kmer_KEV,0.0
kmer_KEY,0.0
kmer_KF,0.0
kmer_KFA,0.0
kmer_KFC,0.0
kmer_KFE,0.0
kmer_KFF,0.0
kmer_KFI,0.0
kmer_KFL,0.0
kmer_KFN,0.0
kmer_KFQ,0.0
kmer_KFV,0.0
kmer_KFY,0.0
kmer_KG,0.0
kmer_KGM,0.0
kmer_KGN,0.0
kmer_KGS,0.0
kmer_KGV,0.0
kmer_KH,0.0
kmer_KHD,0.0
kmer_KHG,0.0
kmer_KHN,0.0
kmer_KHS,0.0
kmer_KHT,0.0
kmer_KI,0.0
kmer_KID,0.0
kmer_KIF,0.0
kmer_KIG,0.0
kmer_KIQ,0.0
kmer_KIT,0.0
kmer_KIY,0.0
kmer_KK,0.0
kmer_KKA,0.0
kmer_KKE,0.0
kmer_KKF,0.0
kmer_KL,0.0
kmer_KLA,0.0
kmer_KLC,0.0
kmer_KLF,0.0
kmer_KLH,0.0
kmer_KLL,0.0
kmer_KLT,0.0
kmer_KLV,0.0
kmer_KLY,0.0
kmer_KN,0.0
kmer_KNA,0.0
kmer_KNE,0.0
kmer_KNG,0.0
kmer_KNI,0.0
kmer_KNQ,0.0
kmer_KNV,0.0
kmer_KNW,0.0
kmer_KP,0.0
kmer_KPL,0.0
kmer_KPN,0.0
kmer_KPP,0.0
kmer_KPS,0.0
kmer_KQ,0.0
kmer_KQE,0.0
kmer_KQF,0.0
kmer_KQI,0.0
kmer_KQL,0.0
kmer_KQT,0.0
kmer_KR,0.0
kmer_KRA,0.0
kmer_KRT,0.0
kmer_KRY,0.0
kmer_KS,0.0
kmer_KSE,0.0
kmer_KSI,0.0
kmer_KSK,0.0
kmer_KSL,0.0
kmer_KSQ,0.0
kmer_KSR,0.0
kmer_KSS,0.0
kmer_KT,0.0
kmer_KTA,0.0
kmer_KTD,0.0
kmer_KTE,0.0
kmer_KTP,0.0
kmer_KTQ,0.0
kmer_KTS,0.0
kmer_KTT,0.0
kmer_KTV,0.0
kmer_KV,0.0
kmer_KVG,0.0
kmer_KVN,0.0
kmer_KVT,0.0
kmer_KVW,0.0
kmer_KW,0.0
kmer_KWI,0.0
kmer_KWK,0.0
kmer_KY,0.0
kmer_KYA,0.0
kmer_KYE,0.0
kmer_KYG,0.0
kmer_KYK,0.0
kmer_KYN,0.0
kmer_LA,0.0
kmer_LAA,0.0
kmer_LAG,0.0
kmer_LAI,0.0
kmer_LAL,0.0
kmer_LAN,0.0
kmer_LAP,0.0
kmer_LAQ,0.0
kmer_LAT,0.0
kmer_LC,0.0
kmer_LCA,0.0
kmer_LCG,0.0
kmer_LCP,0.0
kmer_LCS,0.0
kmer_LD,0.0
kmer_LDA,0.0
kmer_LDD,0.0
kmer_LDG,0.0
kmer_LDN,0.0
kmer_LE,0.0
kmer_LEE,0.0
kmer_LEG,0.0
kmer_LEM,0.0
kmer_LEN,0.0
kmer_LF,0.0
kmer_LFG,0.0
kmer_LFL,0.0
kmer_LFN,0.0
kmer_LFQ,0.0
kmer_LFS,0.0
kmer_LG,0.0
kmer_LGI,0.0
kmer_LGK,0.0
kmer_LGN,0.0
kmer_LGQ,0.0
kmer_LH,0.0
kmer_LHA,0.0
kmer_LHD,0.0
kmer_LHE,0.0
kmer_LHG,0.0
kmer_LI,0.0
kmer_LID,0.0
kmer_LIE,0.0
kmer_LII,0.0
kmer_LIK,0.0
kmer_LIN,0.0
kmer_LIQ,0.0
kmer_LIR,0.0
kmer_LIS,0.0
kmer_LIT,0.0
kmer_LIY,0.0
kmer_LK,0.0
kmer_LKD,0.0
kmer_LKF,0.0
kmer_LKH,0.0
kmer_LKL,0.0
kmer_LKN,0.0
kmer_LKW,0.0
kmer_LKY,0.0
kmer_LL,0.0
kmer_LLA,0.0
kmer_LLD,0.0
kmer_LLG,0.0
kmer_LLI,0.0
kmer_LLL,0.0
kmer_LLM,0.0
kmer_LLN,0.0
kmer_LLS,0.0
kmer_LLT,0.0
kmer_LLV,0.0
kmer_LLY,0.0
kmer_LM,0.0
kmer_LMD,0.0
kmer_LMK,0.0
kmer_LMN,0.0
kmer_LMR,0.0
kmer_LMS,0.0
kmer_LN,0.0
kmer_LNA,0.0
kmer_LND,0.0
kmer_LNG,0.0
kmer_LNL,0.0
kmer_LNN,0.0
kmer_LNP,0.0
kmer_LNS,0.0
kmer_LP,0.0
kmer_LPL,0.0
kmer_LPP,0.0
kmer_LPV,0.0
kmer_LQ,0.0
kmer_LQA,0.0
kmer_LQD,0.0
kmer_LQS,0.0
kmer_LS,0.0
kmer_LSA,0.0
kmer_LSD,0.0
kmer_LSE,0.0
kmer_LSG,0.0
kmer_LSI,0.0
kmer_LSK,0.0
kmer_LSL,0.0
kmer_LSN,0.0
kmer_LSP,0.0
kmer_LSR,0.0
kmer_LSS,0.0
kmer_LST,0.0
kmer_LSV,0.0
kmer_LT,0.0
kmer_LTA,0.0
kmer_LTK,0.0
kmer_LTL,0.0
kmer_LTM,0.0
kmer_LTN,0.0
kmer_LTP,0.0
kmer_LTQ,0.0
kmer_LTS,0.0
kmer_LTY,0.0
kmer_LV,0.0
kmer_LVA,0.0
kmer_LVE,0.0
kmer_LVG,0.0
kmer_LVK,0.0
kmer_LVL,0.0
kmer_LVN,0.0
kmer_LVP,0.0
kmer_LVQ,0.0
kmer_LVS,0.0
kmer_LVT,0.0
kmer_LVY,0.0
kmer_LW,0.0
kmer_LWI,0.0
kmer_LWK,0.0
kmer_LWT,0.0
kmer_LWV,0.0
kmer_LY,0.0
kmer_LYA,0.0
kmer_LYD,0.0
kmer_LYG,0.0
kmer_LYN,0.0
kmer_LYR,0.0
kmer_LYS,0.0
kmer_LYT,0.0
kmer_LYV,0.0
kmer_LYY,0.0
kmer_MA,0.0
kmer_MAS,0.0
kmer_MAV,0.0
kmer_MD,0.0
kmer_MDA,0.0
kmer_MF,0.0
kmer_MFK,0.0
kmer_MFR,0.0
kmer_MI,0.0
kmer_MIA,0.0
kmer_MIF,0.0
kmer_MK,0.0
kmer_MKA,0.0
kmer_MKD,0.0
kmer_MKF,0.0
kmer_MKH,0.0
kmer_MKL,0.0
kmer_MKT,0.0
kmer_MKY,0.0
kmer_ML,0.0
kmer_MLC,0.0
kmer_MLK,0.0
kmer_MLL,0.0
kmer_MLP,0.0
kmer_MLS,0.0
kmer_MN,0.0
kmer_MNM,0.0
kmer_MNP,0.0
kmer_MQ,0.0
kmer_MQE,0.0
kmer_MQN,0.0
kmer_MQY,0.0
kmer_MR,0.0
kmer_MRL,0.0
kmer_MRY,0.0
kmer_MS,0.0
kmer_MSS,0.0
kmer_MST,0.0
kmer_MT,0.0
kmer_MTA,0.0
kmer_MTM,0.0
kmer_MTS,0.0
kmer_MTT,0.0
kmer_MV,0.0
kmer_MVE,0.0
kmer_MW,0.0
kmer_MWT,0.0
kmer_MY,0.0
kmer_MYA,0.0
kmer_NA,0.0
kmer_NAD,0.0
kmer_NAE,0.0
kmer_NAF,0.0
kmer_NAG,0.0
kmer_NAI,0.0
kmer_NAR,0.0
kmer_NAS,0.0
kmer_NAT,0.0
kmer_NAV,0.0
kmer_ND,0.0
kmer_NDA,0.0
kmer_NDF,0.0
kmer_NDG,0.0
kmer_NDI,0.0
kmer_NDS,0.0
kmer_NDY,0.0
kmer_NE,0.0
kmer_NEA,0.0
kmer_NED,0.0
kmer_NEF,0.0
kmer_NEI,0.0
kmer_NEN,0.0
kmer_NEQ,0.0
kmer_NES,0.0
kmer_NET,0.0
kmer_NEY,0.0
kmer_NF,0.0
kmer_NFD,0.0
kmer_NFI,0.0
kmer_NFK,0.0
kmer_NFN,0.0
kmer_NFT,0.0
kmer_NG,0.0
kmer_NGD,0.0
kmer_NGE,0.0
kmer_NGI,0.0
kmer_NGK,0.0
kmer_NGL,0.0
kmer_NGS,0.0
kmer_NGT,0.0
kmer_NGV,0.0
kmer_NGY,0.0
kmer_NH,0.0
kmer_NHG,0.0
kmer_NHN,0.0
kmer_NI,0.0
kmer_NIA,0.0
kmer_NID,0.0
kmer_NIE,0.0
kmer_NIG,0.0
kmer_NII,0.0
kmer_NIK,0.0
kmer_NIL,0.0
kmer_NIN,0.0
kmer_NIR,0.0
kmer_NIS,0.0
kmer_NIT,0.0
kmer_NIV,0.0
kmer_NK,0.0
kmer_NKC,0.0
kmer_NKI,0.0
kmer_NKK,0.0
kmer_NKL,0.0
kmer_NKQ,0.0
kmer_NKS,0.0
kmer_NKT,0.0
kmer_NKW,0.0
kmer_NKY,0.0
kmer_NL,0.0
kmer_NLD,0.0
kmer_NLI,0.0
kmer_NLN,0.0
kmer_NLS,0.0
kmer_NM,0.0
kmer_NMI,0.0
kmer_NMK,0.0
kmer_NMT,0.0
kmer_NN,0.0
kmer_NNA,0.0
kmer_NNE,0.0
kmer_NNG,0.0
kmer_NNH,0.0
kmer_NNI,0.0
kmer_NNK,0.0
kmer_NNR,0.0
kmer_NNS,0.0
kmer_NNT,0.0
kmer_NNV,0.0
kmer_NNY,0.0
kmer_NP,0.0
kmer_NPA,0.0
kmer_NPE,0.0
kmer_NPG,0.0
kmer_NPI,0.0
kmer_NPP,0.0
kmer_NPR,0.0
kmer_NPT,0.0
kmer_NPV,0.0
kmer_NQ,0.0
kmer_NQD,0.0
kmer_NQE,0.0
kmer_NQI,0.0
kmer_NQN,0.0
kmer_NQQ,0.0
kmer_NQS,0.0
kmer_NR,0.0
kmer_NRA,0.0
kmer_NRD,0.0
kmer_NRK,0.0
kmer_NRL,0.0
kmer_NRQ,0.0
kmer_NRR,0.0
kmer_NRS,0.0
kmer_NRT,0.0
kmer_NRV,0.0
kmer_NRW,0.0
kmer_NS,0.0
kmer_NSA,0.0
kmer_NSD,0.0
kmer_NSF,0.0
kmer_NSG,0.0
kmer_NSI,0.0
kmer_NSK,0.0
kmer_NSN,0.0
kmer_NSQ,0.0
kmer_NSS,0.0
kmer_NST,0.0
kmer_NSV,0.0
kmer_NSY,0.0
kmer_NT,0.0
kmer_NTA,0.0
kmer_NTD,0.0
kmer_NTG,0.0
kmer_NTI,0.0
kmer_NTK,0.0
kmer_NTN,0.0
kmer_NTP,0.0
kmer_NTQ,0.0
kmer_NTR,0.0
kmer_NTS,0.0
kmer_NTT,0.0
kmer_NTV,0.0
kmer_NTY,0.0
kmer_NV,0.0
kmer_NVA,0.0
kmer_NVD,0.0
kmer_NVE,0.0
kmer_NVF,0.0
kmer_NVH,0.0
kmer_NVI,0.0
kmer_NVM,0.0
kmer_NVN,0.0
kmer_NVP,0.0
kmer_NVQ,0.0
kmer_NVR,0.0
kmer_NVS,0.0
kmer_NVT,0.0
kmer_NVV,0.0
kmer_NW,0.0
kmer_NWD,0.0
kmer_NWG,0.0
kmer_NWI,0.0
kmer_NWV,0.0
kmer_NY,0.0
kmer_NYA,0.0
kmer_NYD,0.0
kmer_NYG,0.0
kmer_NYI,0.0
kmer_NYK,0.0
kmer_NYN,0.0
kmer_NYS,0.0
kmer_NYT,0.0
kmer_NYV,0.0
kmer_NYW,0.0
kmer_NYY,0.0
kmer_PA,0.0
kmer_PAD,0.0
kmer_PAI,0.0
kmer_PAV,0.0
kmer_PD,0.0
kmer_PDA,0.0
kmer_PDG,0.0
kmer_PDV,0.0
kmer_PE,0.0
kmer_PEH,0.0
kmer_PEQ,0.0
kmer_PES,0.0
kmer_PF,0.0
kmer_PFA,0.0
kmer_PFG,0.0
kmer_PG,0.0
kmer_PGA,0.0
kmer_PGD,0.0
kmer_PGE,0.0
kmer_PGP,0.0
kmer_PGV,0.0
kmer_PGY,0.0
kmer_PH,0.0
kmer_PHA,0.0
kmer_PHR,0.0
kmer_PHV,0.0
kmer_PI,0.0
kmer_PID,0.0
kmer_PIE,0.0
kmer_PIK,0.0
kmer_PIL,0.0
kmer_PIQ,0.0
kmer_PIS,0.0
kmer_PK,0.0
kmer_PKD,0.0
kmer_PKL,0.0
kmer_PKS,0.0
kmer_PL,0.0
kmer_PLA,0.0
kmer_PLD,0.0
kmer_PLF,0.0
kmer_PLL,0.0
kmer_PLM,0.0
kmer_PLN,0.0
kmer_PLP,0.0
kmer_PLQ,0.0
kmer_PLS,0.0
kmer_PM,0.0
kmer_PMQ,0.0
kmer_PN,0.0
kmer_PNA,0.0
kmer_PND,0.0
kmer_PNE,0.0
kmer_PNI,0.0
kmer_PNQ,0.0
kmer_PNR,0.0
kmer_PNS,0.0
kmer_PNT,0.0
kmer_PNV,0.0
kmer_PP,0.0
kmer_PPG,0.0
kmer_PPI,0.0
kmer_PPK,0.0
kmer_PPM,0.0
kmer_PPN,0.0
kmer_PPS,0.0
kmer_PPT,0.0
kmer_PPV,0.0
kmer_PQ,0.0
kmer_PQL,0.0
kmer_PQY,0.0
kmer_PR,0.0
kmer_PRA,0.0
kmer_PRE,0.0
kmer_PRN,0.0
kmer_PRS,0.0
kmer_PRT,0.0
kmer_PS,0.0
kmer_PSD,0.0
kmer_PSG,0.0
kmer_PSR,0.0
kmer_PST,0.0
kmer_PT,0.0
kmer_PTA,0.0
kmer_PTD,0.0
kmer_PTE,0.0
kmer_PTI,0.0
kmer_PTK,0.0
kmer_PTL,0.0
kmer_PTN,0.0
kmer_PTS,0.0
kmer_PTT,0.0
kmer_PV,0.0
kmer_PVA,0.0
kmer_PVD,0.0
kmer_PVE,0.0
kmer_PVG,0.0
kmer_PVI,0.0
kmer_PVL,0.0
kmer_PVM,0.0
kmer_PVN,0.0
kmer_PVQ,0.0
kmer_PVS,0.0
kmer_PVT,0.0
kmer_PVY,0.0
kmer_PY,0.0
kmer_PYA,0.0
kmer_PYQ,0.0
kmer_PYT,0.0
kmer_QA,0.0
kmer_QAN,0.0
kmer_QAQ,0.0
kmer_QAR,0.0
kmer_QAY,0.0
kmer_QC,0.0
kmer_QCA,0.0
kmer_QCT,0.0
kmer_QD,0.0
kmer_QDG,0.0
kmer_QDI,0.0
kmer_QDN,0.0
kmer_QDT,0.0
kmer_QDV,0.0
kmer_QE,0.0
kmer_QEA,0.0
kmer_QEG,0.0
kmer_QEI,0.0
kmer_QEL,0.0
kmer_QEN,0.0
kmer_QEQ,0.0
kmer_QER,0.0
kmer_QES,0.0
kmer_QET,0.0
kmer_QF,0.0
kmer_QFN,0.0
kmer_QG,0.0
kmer_QGE,0.0
kmer_QGT,0.0
kmer_QGV,0.0
kmer_QH,0.0
kmer_QHD,0.0
kmer_QHG,0.0
kmer_QHK,0.0
kmer_QHS,0.0
kmer_QI,0.0
kmer_QIA,0.0
kmer_QIG,0.0
kmer_QII,0.0
kmer_QIS,0.0
kmer_QIT,0.0
kmer_QIV,0.0
kmer_QIW,0.0
kmer_QK,0.0
kmer_QKN,0.0
kmer_QKV,0.0
kmer_QKW,0.0
kmer_QL,0.0
kmer_QLC,0.0
kmer_QLD,0.0
kmer_QLE,0.0
kmer_QLK,0.0
kmer_QLL,0.0
kmer_QLN,0.0
kmer_QLQ,0.0
kmer_QLW,0.0
kmer_QM,0.0
kmer_QMA,0.0
kmer_QN,0.0
kmer_QND,0.0
kmer_QNE,0.0
kmer_QNG,0.0
kmer_QNI,0.0
kmer_QNK,0.0
kmer_QNR,0.0
kmer_QNT,0.0
kmer_QNV,0.0
kmer_QP,0.0
kmer_QPG,0.0
kmer_QPI,0.0
kmer_QPN,0.0
kmer_QPQ,0.0
kmer_QPT,0.0
kmer_QPV,0.0
kmer_QQ,0.0
kmer_QQA,0.0
kmer_QQG,0.0
kmer_QQI,0.0
kmer_QQL,0.0
kmer_QQR,0.0
kmer_QQT,0.0
kmer_QQV,0.0
kmer_QR,0.0
kmer_QRA,0.0
kmer_QRD,0.0
kmer_QRQ,0.0
kmer_QRT,0.0
kmer_QRW,0.0
kmer_QS,0.0
kmer_QSD,0.0
kmer_QSE,0.0
kmer_QSG,0.0
kmer_QSK,0.0
kmer_QSL,0.0
kmer_QSR,0.0
kmer_QST,0.0
kmer_QT,0.0
kmer_QTD,0.0
kmer_QTG,0.0
kmer_QTK,0.0
kmer_QTL,0.0
kmer_QTN,0.0
kmer_QTP,0.0
kmer_QTQ,0.0
kmer_QTR,0.0
kmer_QTS,0.0
kmer_QTT,0.0
kmer_QTV,0.0
kmer_QV,0.0
kmer_QVE,0.0
kmer_QVL,0.0
kmer_QVN,0.0
kmer_QVQ,0.0
kmer_QVS,0.0
kmer_QVT,0.0
kmer_QVV,0.0
kmer_QW,0.0
kmer_QWG,0.0
kmer_QWK,0.0
kmer_QY,0.0
kmer_QYA,0.0
kmer_QYG,0.0
kmer_QYI,0.0
kmer_QYK,0.0
kmer_QYM,0.0
kmer_QYN,0.0
kmer_QYR,0.0
kmer_QYT,0.0
kmer_QYV,0.0
kmer_QYW,0.0
kmer_RA,0.0
kmer_RAE,0.0
kmer_RAK,0.0
kmer_RAP,0.0
kmer_RAQ,0.0
kmer_RAR,0.0
kmer_RAT,0.0
kmer_RD,0.0
kmer_RDA,0.0
kmer_RDI,0.0
kmer_RDL,0.0
kmer_RDP,0.0
kmer_RDQ,0.0
kmer_RDS,0.0
kmer_RDV,0.0
kmer_RE,0.0
kmer_REA,0.0
kmer_REE,0.0
kmer_REI,0.0
kmer_REQ,0.0
kmer_REV,0.0
kmer_RG,0.0
kmer_RGG,0.0
kmer_RGR,0.0
kmer_RGS,0.0
kmer_RGV,0.0
kmer_RI,0.0
kmer_RIH,0.0
kmer_RIW,0.0
kmer_RIY,0.0
kmer_RK,0.0
kmer_RKC,0.0
kmer_RKY,0.0
kmer_RL,0.0
kmer_RLG,0.0
kmer_RLL,0.0
kmer_RLN,0.0
kmer_RLT,0.0
kmer_RLV,0.0
kmer_RLW,0.0
kmer_RLY,0.0
kmer_RM,0.0
kmer_RMW,0.0
kmer_RN,0.0
kmer_RNA,0.0
kmer_RND,0.0
kmer_RNI,0.0
kmer_RNN,0.0
kmer_RNQ,0.0
kmer_RNS,0.0
kmer_RNV,0.0
kmer_RNY,0.0
kmer_RP,0.0
kmer_RPN,0.0
kmer_RQ,0.0
kmer_RQC,0.0
kmer_RQK,0.0
kmer_RQL,0.0
kmer_RQY,0.0
kmer_RR,0.0
kmer_RRA,0.0
kmer_RRT,0.0
kmer_RS,0.0
kmer_RSA,0.0
kmer_RSD,0.0
kmer_RSE,0.0
kmer_RSI,0.0
kmer_RSK,0.0
kmer_RSN,0.0
kmer_RSQ,0.0
kmer_RSS,0.0
kmer_RSV,0.0
kmer_RSY,0.0
kmer_RT,0.0
kmer_RTD,0.0
kmer_RTF,0.0
kmer_RTG,0.0
kmer_RTL,0.0
kmer_RTN,0.0
kmer_RTQ,0.0
kmer_RTS,0.0
kmer_RTT,0.0
kmer_RTV,0.0
kmer_RTY,0.0
kmer_RV,0.0
kmer_RVF,0.0
kmer_RVL,0.0
kmer_RVS,0.0
kmer_RVW,0.0
kmer_RW,0.0
kmer_RWK,0.0
kmer_RWL,0.0
kmer_RWX,0.0
kmer_RY,0.0
kmer_RYA,0.0
kmer_RYI,0.0
kmer_RYN,0.0
kmer_SA,0.0
kmer_SAA,0.0
kmer_SAE,0.0
kmer_SAG,0.0
kmer_SAP,0.0
kmer_SAR,0.0
kmer_SAS,0.0
kmer_SAT,0.0
kmer_SD,0.0
kmer_SDE,0.0
kmer_SDF,0.0
kmer_SDG,0.0
kmer_SDI,0.0
kmer_SDK,0.0
kmer_SDL,0.0
kmer_SDR,0.0
kmer_SDS,0.0
kmer_SDT,0.0
kmer_SDY,0.0
kmer_SE,0.0
kmer_SEE,0.0
kmer_SEF,0.0
kmer_SEG,0.0
kmer_SEI,0.0
esm_dim_4,0.0
kmer_SEN,0.0
kmer_SEP,0.0
kmer_SES,0.0
kmer_SET,0.0
kmer_SEV,0.0
kmer_SEY,0.0
kmer_SF,0.0
kmer_SFC,0.0
kmer_SFG,0.0
kmer_SFK,0.0
kmer_SFN,0.0
kmer_SFS,0.0
kmer_SFT,0.0
kmer_SFV,0.0
kmer_SFY,0.0
kmer_SG,0.0
kmer_SGA,0.0
kmer_SGE,0.0
kmer_SGK,0.0
kmer_SGL,0.0
kmer_SGN,0.0
kmer_SGQ,0.0
kmer_SGR,0.0
kmer_SGS,0.0
kmer_SGT,0.0
kmer_SGV,0.0
kmer_SH,0.0
kmer_SHG,0.0
kmer_SHR,0.0
kmer_SI,0.0
kmer_SID,0.0
kmer_SIE,0.0
kmer_SIG,0.0
kmer_SII,0.0
kmer_SIL,0.0
kmer_SIM,0.0
kmer_SIN,0.0
kmer_SIQ,0.0
kmer_SIS,0.0
kmer_SIT,0.0
kmer_SIV,0.0
kmer_SK,0.0
kmer_SKA,0.0
kmer_SKC,0.0
kmer_SKI,0.0
kmer_SKN,0.0
kmer_SKP,0.0
kmer_SKQ,0.0
kmer_SKS,0.0
kmer_SKT,0.0
kmer_SKV,0.0
kmer_SKW,0.0
kmer_SL,0.0
kmer_SLD,0.0
kmer_SLI,0.0
kmer_SLL,0.0
kmer_SLS,0.0
kmer_SLT,0.0
kmer_SLV,0.0
kmer_SLW,0.0
kmer_SLY,0.0
kmer_SM,0.0
kmer_SMN,0.0
kmer_SMT,0.0
kmer_SN,0.0
kmer_SNA,0.0
kmer_SND,0.0
kmer_SNE,0.0
kmer_SNI,0.0
kmer_SNK,0.0
kmer_SNL,0.0
kmer_SNN,0.0
kmer_SNP,0.0
kmer_SNQ,0.0
kmer_SNR,0.0
kmer_SNS,0.0
kmer_SNT,0.0
kmer_SNV,0.0
kmer_SNY,0.0
kmer_SP,0.0
kmer_SPE,0.0
kmer_SPF,0.0
kmer_SPG,0.0
kmer_SPL,0.0
kmer_SPT,0.0
kmer_SQ,0.0
kmer_SQC,0.0
kmer_SQE,0.0
kmer_SQG,0.0
kmer_SQH,0.0
kmer_SQL,0.0
kmer_SQN,0.0
kmer_SQP,0.0
kmer_SQQ,0.0
kmer_SQS,0.0
kmer_SQT,0.0
kmer_SQV,0.0
kmer_SQY,0.0
kmer_SR,0.0
kmer_SRA,0.0
kmer_SRD,0.0
kmer_SRE,0.0
kmer_SRN,0.0
kmer_SRQ,0.0
kmer_SRS,0.0
kmer_SRT,0.0
kmer_SRW,0.0
kmer_SS,0.0
kmer_SSD,0.0
kmer_SSG,0.0
kmer_SSI,0.0
kmer_SSK,0.0
kmer_SSN,0.0
kmer_SSQ,0.0
kmer_SSR,0.0
kmer_SSS,0.0
kmer_SST,0.0
kmer_SSV,0.0
kmer_ST,0.0
kmer_STA,0.0
kmer_STC,0.0
kmer_STD,0.0
kmer_STG,0.0
kmer_STH,0.0
kmer_STI,0.0
kmer_STK,0.0
kmer_STL,0.0
kmer_STN,0.0
kmer_STP,0.0
kmer_STS,0.0
kmer_STT,0.0
kmer_STV,0.0
kmer_SV,0.0
kmer_SVA,0.0
kmer_SVC,0.0
kmer_SVD,0.0
kmer_SVE,0.0
kmer_SVI,0.0
kmer_SVK,0.0
kmer_SVN,0.0
kmer_SVQ,0.0
kmer_SVS,0.0
kmer_SVT,0.0
kmer_SVW,0.0
kmer_SW,0.0
kmer_SWG,0.0
kmer_SY,0.0
kmer_SYA,0.0
kmer_SYC,0.0
kmer_SYI,0.0
kmer_SYS,0.0
kmer_SYT,0.0
kmer_SYW,0.0
kmer_TA,0.0
kmer_TAA,0.0
kmer_TAD,0.0
kmer_TAF,0.0
kmer_TAG,0.0
kmer_TAI,0.0
kmer_TAN,0.0
kmer_TAP,0.0
kmer_TAR,0.0
kmer_TAS,0.0
kmer_TAV,0.0
kmer_TAY,0.0
kmer_TC,0.0
kmer_TCE,0.0
kmer_TCT,0.0
kmer_TD,0.0
kmer_TDA,0.0
kmer_TDE,0.0
kmer_TDG,0.0
kmer_TDI,0.0
kmer_TDL,0.0
kmer_TDQ,0.0
kmer_TDR,0.0
kmer_TDS,0.0
kmer_TDT,0.0
kmer_TDV,0.0
kmer_TDY,0.0
kmer_TE,0.0
kmer_TEE,0.0
kmer_TEF,0.0
kmer_TEG,0.0
kmer_TEH,0.0
kmer_TEN,0.0
kmer_TEY,0.0
kmer_TF,0.0
kmer_TFC,0.0
kmer_TFH,0.0
kmer_TFK,0.0
kmer_TFN,0.0
kmer_TFT,0.0
kmer_TFV,0.0
kmer_TFY,0.0
kmer_TG,0.0
kmer_TGH,0.0
kmer_TGK,0.0
kmer_TGL,0.0
kmer_TGQ,0.0
kmer_TGV,0.0
kmer_TGY,0.0
kmer_TH,0.0
kmer_THG,0.0
kmer_THQ,0.0
kmer_THW,0.0
kmer_TI,0.0
kmer_TIA,0.0
kmer_TID,0.0
kmer_TIE,0.0
kmer_TIF,0.0
kmer_TIG,0.0
kmer_TIH,0.0
kmer_TII,0.0
kmer_TIK,0.0
kmer_TIL,0.0
kmer_TIN,0.0
kmer_TIP,0.0
kmer_TIR,0.0
kmer_TIS,0.0
kmer_TIT,0.0
kmer_TK,0.0
kmer_TKA,0.0
kmer_TKF,0.0
kmer_TKI,0.0
kmer_TKL,0.0
kmer_TKQ,0.0
kmer_TKR,0.0
kmer_TKS,0.0
kmer_TKT,0.0
kmer_TKW,0.0
kmer_TL,0.0
kmer_TLD,0.0
kmer_TLE,0.0
kmer_TLF,0.0
kmer_TLH,0.0
kmer_TLI,0.0
kmer_TLL,0.0
kmer_TLM,0.0
kmer_TLS,0.0
kmer_TLT,0.0
kmer_TLW,0.0
kmer_TLY,0.0
kmer_TM,0.0
kmer_TMT,0.0
kmer_TMY,0.0
kmer_TN,0.0
kmer_TNA,0.0
kmer_TND,0.0
kmer_TNE,0.0
kmer_TNF,0.0
kmer_TNG,0.0
kmer_TNI,0.0
kmer_TNK,0.0
kmer_TNN,0.0
kmer_TNP,0.0
kmer_TNQ,0.0
kmer_TNR,0.0
kmer_TNS,0.0
kmer_TNT,0.0
kmer_TNY,0.0
kmer_TP,0.0
kmer_TPA,0.0
kmer_TPD,0.0
kmer_TPE,0.0
kmer_TPG,0.0
kmer_TPH,0.0
kmer_TPK,0.0
kmer_TPN,0.0
kmer_TPP,0.0
kmer_TPR,0.0
kmer_TPS,0.0
kmer_TPT,0.0
kmer_TPV,0.0
kmer_TPY,0.0
kmer_TQ,0.0
kmer_TQA,0.0
kmer_TQD,0.0
kmer_TQE,0.0
kmer_TQG,0.0
kmer_TQH,0.0
kmer_TQI,0.0
kmer_TQK,0.0
kmer_TQN,0.0
kmer_TQP,0.0
kmer_TQQ,0.0
kmer_TQS,0.0
kmer_TQT,0.0
kmer_TQV,0.0
kmer_TQW,0.0
kmer_TQY,0.0
kmer_TR,0.0
kmer_TRA,0.0
kmer_TRL,0.0
kmer_TRN,0.0
kmer_TRS,0.0
kmer_TRT,0.0
kmer_TRW,0.0
kmer_TRY,0.0
kmer_TS,0.0
kmer_TSD,0.0
kmer_TSE,0.0
kmer_TSF,0.0
kmer_TSI,0.0
kmer_TSK,0.0
kmer_TSL,0.0
kmer_TSN,0.0
kmer_TSQ,0.0
kmer_TSR,0.0
kmer_TSS,0.0
kmer_TSV,0.0
kmer_TSY,0.0
kmer_TT,0.0
kmer_TTA,0.0
kmer_TTD,0.0
kmer_TTF,0.0
kmer_TTG,0.0
kmer_TTI,0.0
kmer_TTK,0.0
kmer_TTL,0.0
kmer_TTN,0.0
kmer_TTP,0.0
kmer_TTQ,0.0
kmer_TTR,0.0
kmer_TTS,0.0
kmer_TTT,0.0
kmer_TTV,0.0
kmer_TTY,0.0
kmer_TV,0.0
kmer_TVA,0.0
kmer_TVD,0.0
kmer_TVE,0.0
kmer_TVF,0.0
kmer_TVG,0.0
kmer_TVI,0.0
kmer_TVL,0.0
kmer_TVN,0.0
kmer_TVP,0.0
kmer_TVQ,0.0
kmer_TVR,0.0
kmer_TVS,0.0
kmer_TVT,0.0
kmer_TVV,0.0
kmer_TW,0.0
kmer_TWS,0.0
kmer_TY,0.0
kmer_TYA,0.0
kmer_TYC,0.0
kmer_TYD,0.0
kmer_TYE,0.0
kmer_TYI,0.0
kmer_TYN,0.0
kmer_TYQ,0.0
kmer_TYR,0.0
kmer_TYS,0.0
kmer_TYT,0.0
kmer_TYV,0.0
kmer_VA,0.0
kmer_VAI,0.0
kmer_VAK,0.0
kmer_VAL,0.0
kmer_VAN,0.0
kmer_VAP,0.0
kmer_VAR,0.0
kmer_VAS,0.0
kmer_VAV,0.0
kmer_VAY,0.0
kmer_VC,0.0
kmer_VCT,0.0
kmer_VD,0.0
kmer_VDE,0.0
kmer_VDF,0.0
kmer_VDL,0.0
kmer_VDN,0.0
kmer_VDP,0.0
kmer_VDR,0.0
kmer_VDS,0.0
kmer_VDV,0.0
kmer_VDW,0.0
kmer_VDY,0.0
kmer_VE,0.0
kmer_VEA,0.0
kmer_VEE,0.0
kmer_VEF,0.0
kmer_VEG,0.0
kmer_VEL,0.0
kmer_VEN,0.0
kmer_VEP,0.0
kmer_VEQ,0.0
kmer_VER,0.0
kmer_VET,0.0
kmer_VEV,0.0
kmer_VEW,0.0
kmer_VEY,0.0
kmer_VF,0.0
kmer_VFG,0.0
kmer_VFR,0.0
kmer_VG,0.0
kmer_VGA,0.0
kmer_VGE,0.0
kmer_VGG,0.0
kmer_VGI,0.0
kmer_VGL,0.0
kmer_VGM,0.0
kmer_VGY,0.0
kmer_VH,0.0
kmer_VHQ,0.0
kmer_VHR,0.0
kmer_VI,0.0
kmer_VIA,0.0
kmer_VID,0.0
kmer_VIE,0.0
kmer_VIH,0.0
kmer_VII,0.0
kmer_VIK,0.0
kmer_VIN,0.0
kmer_VIP,0.0
kmer_VIQ,0.0
kmer_VIS,0.0
kmer_VIT,0.0
kmer_VK,0.0
kmer_VKA,0.0
kmer_VKK,0.0
kmer_VKT,0.0
kmer_VL,0.0
kmer_VLD,0.0
kmer_VLE,0.0
kmer_VLF,0.0
kmer_VLI,0.0
kmer_VLK,0.0
kmer_VLV,0.0
kmer_VM,0.0
kmer_VMA,0.0
kmer_VMK,0.0
kmer_VML,0.0
kmer_VN,0.0
kmer_VNA,0.0
kmer_VND,0.0
kmer_VNE,0.0
kmer_VNG,0.0
kmer_VNI,0.0
kmer_VNL,0.0
kmer_VNM,0.0
kmer_VNN,0.0
kmer_VNP,0.0
kmer_VNS,0.0
kmer_VNV,0.0
kmer_VNW,0.0
kmer_VNY,0.0
kmer_VP,0.0
kmer_VPA,0.0
kmer_VPL,0.0
kmer_VPN,0.0
kmer_VPT,0.0
kmer_VPV,0.0
kmer_VQ,0.0
kmer_VQE,0.0
kmer_VQK,0.0
kmer_VQL,0.0
kmer_VQM,0.0
kmer_VQP,0.0
kmer_VQQ,0.0
kmer_VQT,0.0
kmer_VQV,0.0
kmer_VQW,0.0
kmer_VQY,0.0
kmer_VR,0.0
kmer_VRD,0.0
kmer_VRE,0.0
kmer_VRN,0.0
kmer_VRS,0.0
kmer_VRT,0.0
kmer_VS,0.0
kmer_VSA,0.0
kmer_VSD,0.0
kmer_VSG,0.0
kmer_VSI,0.0
kmer_VSK,0.0
kmer_VSL,0.0
kmer_VSM,0.0
kmer_VSN,0.0
kmer_VSP,0.0
kmer_VSQ,0.0
kmer_VSR,0.0
kmer_VSS,0.0
kmer_VST,0.0
kmer_VSV,0.0
kmer_VSW,0.0
kmer_VSY,0.0
kmer_VT,0.0
kmer_VTA,0.0
kmer_VTD,0.0
kmer_VTE,0.0
kmer_VTF,0.0
kmer_VTH,0.0
kmer_VTI,0.0
kmer_VTK,0.0
kmer_VTN,0.0
kmer_VTP,0.0
kmer_VTR,0.0
kmer_VTS,0.0
kmer_VTT,0.0
kmer_VTV,0.0
kmer_VTW,0.0
kmer_VTY,0.0
kmer_VV,0.0
kmer_VVA,0.0
kmer_VVE,0.0
kmer_VVI,0.0
kmer_VVK,0.0
kmer_VVL,0.0
kmer_VVN,0.0
kmer_VVP,0.0
kmer_VVQ,0.0
kmer_VVS,0.0
kmer_VVT,0.0
kmer_VVV,0.0
kmer_VVY,0.0
kmer_VW,0.0
kmer_VWI,0.0
kmer_VWT,0.0
kmer_VWV,0.0
kmer_VY,0.0
kmer_VYE,0.0
kmer_VYI,0.0
kmer_VYN,0.0
kmer_VYR,0.0
kmer_VYS,0.0
kmer_VYT,0.0
kmer_VYY,0.0
kmer_WD,0.0
kmer_WDH,0.0
kmer_WG,0.0
kmer_WGH,0.0
kmer_WGP,0.0
kmer_WGS,0.0
kmer_WI,0.0
kmer_WIA,0.0
kmer_WIF,0.0
kmer_WIL,0.0
kmer_WIM,0.0
kmer_WK,0.0
kmer_WKE,0.0
kmer_WKF,0.0
kmer_WKG,0.0
kmer_WL,0.0
kmer_WLA,0.0
kmer_WLF,0.0
kmer_WLL,0.0
kmer_WLV,0.0
kmer_WM,0.0
kmer_WML,0.0
kmer_WS,0.0
kmer_WSH,0.0
kmer_WT,0.0
kmer_WTA,0.0
kmer_WTF,0.0
kmer_WTH,0.0
kmer_WTV,0.0
kmer_WTY,0.0
kmer_WV,0.0
kmer_WVA,0.0
kmer_WVL,0.0
kmer_WVY,0.0
kmer_WX,0.0
kmer_WXA,0.0
kmer_XA,0.0
kmer_XAT,0.0
kmer_YA,0.0
kmer_YAA,0.0
kmer_YAC,0.0
kmer_YAD,0.0
kmer_YAI,0.0
kmer_YAK,0.0
kmer_YAN,0.0
kmer_YAP,0.0
kmer_YAQ,0.0
kmer_YAS,0.0
kmer_YAT,0.0
kmer_YAV,0.0
kmer_YAY,0.0
kmer_YC,0.0
kmer_YCD,0.0
kmer_YCT,0.0
kmer_YD,0.0
kmer_YDA,0.0
kmer_YDD,0.0
kmer_YDE,0.0
kmer_YDF,0.0
kmer_YDG,0.0
kmer_YDQ,0.0
kmer_YDS,0.0
kmer_YDT,0.0
kmer_YE,0.0
kmer_YEG,0.0
kmer_YEM,0.0
kmer_YEQ,0.0
kmer_YES,0.0
kmer_YET,0.0
kmer_YG,0.0
kmer_YGE,0.0
kmer_YGG,0.0
kmer_YGI,0.0
kmer_YGL,0.0
kmer_YGN,0.0
kmer_YGP,0.0
kmer_YGT,0.0
kmer_YGV,0.0
kmer_YH,0.0
kmer_YHT,0.0
kmer_YI,0.0
kmer_YIG,0.0
kmer_YII,0.0
kmer_YIL,0.0
kmer_YIN,0.0
kmer_YIV,0.0
kmer_YIY,0.0
kmer_YK,0.0
kmer_YKF,0.0
kmer_YKI,0.0
kmer_YKL,0.0
kmer_YKQ,0.0
kmer_YKR,0.0
kmer_YL,0.0
kmer_YLK,0.0
kmer_YLL,0.0
kmer_YM,0.0
kmer_YMI,0.0
kmer_YN,0.0
kmer_YNG,0.0
kmer_YNR,0.0
kmer_YNS,0.0
kmer_YNT,0.0
kmer_YNV,0.0
kmer_YQ,0.0
kmer_YQP,0.0
kmer_YQR,0.0
kmer_YR,0.0
kmer_YRA,0.0
kmer_YRQ,0.0
kmer_YRR,0.0
kmer_YRV,0.0
kmer_YS,0.0
kmer_YSA,0.0
kmer_YSG,0.0
kmer_YSP,0.0
kmer_YSQ,0.0
kmer_YSS,0.0
esm_dim_7,0.0
kmer_YVG,0.0
kmer_YVL,0.0
kmer_YVN,0.0
kmer_YVT,0.0
kmer_YVY,0.0
kmer_YW,0.0
kmer_YWI,0.0
kmer_YWL,0.0
kmer_YWM,0.0
kmer_YY,0.0
kmer_YYD,0.0
kmer_YYG,0.0
kmer_YYI,0.0
kmer_YYS,0.0
esm_dim_1,0.0
esm_dim_0,0.0
esm_dim_8,0.0
esm_dim_9,0.0
esm_dim_10,0.0
esm_dim_11,0.0
esm_dim_12,0.0
esm_dim_13,0.0
esm_dim_14,0.0
esm_dim_15,0.0
esm_dim_16,0.0
esm_dim_17,0.0
esm_dim_18,0.0
esm_dim_19,0.0
esm_dim_20,0.0
esm_dim_21,0.0
esm_dim_3,0.0
